.pred,idx,created_at,status_id,tm_h,tm_a,text,favorite_count
644.4253540039062,1,2020-01-18 19:26:33,1218615679294885888,Newcastle,Chelsea,Newcastle (1.04) 1-0 (2.11) Chelsea ⭐️,5
662.5579833984375,2,2020-02-17 21:56:25,1229525028947013634,Chelsea,Man Utd,⭐️ Chelsea (1.02) 0-2 (0.64) Man United,300
408.98681640625,3,2020-02-22 15:04:08,1231233213705658368,Chelsea,Tottenham,⭐️ Chelsea (1.70) 2-1 (0.27) Spurs,22
715.7247314453125,4,2020-02-23 18:34:08,1231648453597564930,Arsenal,Everton,Arsenal (1.35) 3-2 (2.13) Everton ⭐️,27
723.5614624023438,5,2020-02-24 22:02:31,1232063279826116608,Liverpool,West Ham,⭐️ Liverpool (2.38) 3-2 (0.68) West Ham,25
344.0045166015625,6,2020-02-27 08:10:46,1232941129802403840,Real Madrid,Man City,Real Madrid (1.14) 1-2 (3.17) Man City ⭐️,25
347.36279296875,7,2020-02-27 08:10:59,1232941180733861889,Lyon,Juventus,Lyon (1.07) 1-0 (1.09) Juventus ⭐️,45
392.4125061035156,8,2020-02-27 23:30:25,1233172563834081280,Arsenal,Olympiakos,⭐️ Arsenal (2.19) 1-2 (1.50) Olympiakos,14
263.9841003417969,9,2020-02-28 21:55:17,1233511010528526336,Norwich,Leicester,Norwich (0.57) 1-0 (1.44) Leicester ⭐️,23
704.7662963867188,10,2020-02-29 20:36:24,1233853548355575809,Watford,Liverpool,⭐️ Watford (2.73) 3-0 (0.20) Liverpool,73
679.031494140625,11,2020-03-01 16:11:28,1234149264131022849,Everton,Man Utd,⭐️ Everton (2.10) 1-1 (1.13) Man Utd,10
648.2574462890625,12,2020-03-01 16:12:23,1234149493546897411,Tottenham,Wolves,Tottenham (1.63) 2-3 (2.62) Wolves ⭐️,11
613.0208740234375,13,2020-03-07 18:27:54,1236357925964320768,Liverpool,B’mouth,⭐️ Liverpool (1.92) 2-1 (1.63) B’mouth,7
541.025146484375,14,2020-03-07 18:28:54,1236358175114362882,Arsenal,West Ham,Arsenal (1.53) 1-0 (1.62) West Ham ⭐️,13
161.57577514648438,15,2020-03-08 16:03:55,1236684078411284480,Chelsea,Everton,⭐️ Chelsea (2.17) 4-0 (0.51) Everton,20
1059.634521484375,16,2020-03-08 18:25:01,1236719586734727168,Man Utd,Man City,⭐️ Man Utd (1.43) 2-0 (0.75) Man City,29
333.1613464355469,17,2020-03-09 22:13:58,1237139590932246529,Leicester,A Villa,⭐️ Leicester (2.31) 4-0 (0.67) A Villa,14
1032.4935302734375,18,2020-03-10 21:51:52,1237496420896329729,Leipzig,Tottenham,Leipzig (0.97) 3-0 (0.15) Tottenham,22
704.197021484375,19,2020-03-12 09:32:12,1238035053210406912,Liverpool,Atletico,Liverpool (3.47) 2-3 (1.18) Atletico,57
669.1976318359375,20,2020-03-12 20:23:55,1238199061930524676,LASK,Man Utd,LASK (0.49) 0-5 (3.14) Man Utd,15
868.5511474609375,21,2020-03-14 17:57:50,1238887073463054337,S’hampton,Man City https://t.co/O1rv9P740y,S’hampton (3.72) 4-4 (4.19) Man City https://t.co/O1rv9P740y,105
497.83465576171875,22,2020-05-16 15:57:07,1261687128901275649,Dortmund,Schalke,Dortmund (1.59) 4-0 (0.40) Schalke,25
418.1774597167969,23,2020-05-23 15:27:57,1264216506147233792,Wolfsburg,Dortmund,Wolfsburg (0.55) 0-2 (0.84) Dortmund,15
801.4830932617188,24,2020-05-24 18:15:23,1264621030934446089,Mainz,Leipzig,Mainz (0.31) 0-5 (5.33) Leipzig,44
464.0390930175781,25,2020-05-24 18:16:16,1264621250107912192,Cologne,Düsseldorf,Cologne (2.27) 2-2 (0.45) Düsseldorf,13
392.6192932128906,26,2020-05-26 18:21:44,1265347403454066698,Dortmund,Bayern Munich,Dortmund (0.56) 0-1 (0.71) Bayern Munich,23
1009.4822998046875,27,2020-05-26 20:26:03,1265378686112579586,Frankfurt,Freiburg,Frankfurt (4.28) 3-3 (0.75) Freiburg,151
494.8445129394531,28,2020-05-27 19:18:56,1265724185181118466,Leipzig,Hertha Berlin,Leipzig (0.61) 2-2 (1.87) Hertha Berlin,19
368.6019592285156,29,2020-06-05 20:22:49,1269001752822546440,Freiburg,Mönchengladbach,Freiburg (1.13) 1-0 (2.37) Mönchengladbach,30
429.4658508300781,30,2020-06-07 19:24:12,1269711777014710273,Union Berlin,Schalke,Union Berlin (2.87) 1-1 (0.14) Schalke,51
464.4811096191406,31,2020-06-11 22:02:05,1271201061718687744,Sevilla,Real Betis,Sevilla (2.14) 2-0 (0.50) Real Betis,31
403.38275146484375,32,2020-06-14 19:42:40,1272253138075090948,Real Madrid,Eibar,Real Madrid (0.91) 3-1 (0.51) Eibar,28
592.6780395507812,33,2020-06-17 18:56:07,1273328589208014850,Aston Villa,Sheffield Utd,Aston Villa (1.41) 0-0 (0.36) Sheffield Utd,17
498.4750061035156,34,2020-06-17 21:18:46,1273364487911899141,Man City,Arsenal,Man City (2.68) 3-0 (0.65) Arsenal,34
478.763916015625,35,2020-06-19 18:53:46,1274052771189227523,Norwich,Southampton,Norwich (0.62) 0-3 (1.81) Southampton,12
1591.1868896484375,36,2020-06-19 19:56:30,1274068561523343360,Sochi,Rostov,Sochi (6.51) 10-1 (0.09) Rostov,48
868.1647338867188,37,2020-06-19 21:11:31,1274087440576282625,Tottenham,Man Utd,Tottenham (0.46) 1-1 (1.62) Man United,38
672.27099609375,38,2020-06-19 21:58:19,1274099218114842625,Sevilla,Barcelona,Sevilla (0.81) 0-0 (0.62) Barcelona,21
476.9625549316406,39,2020-06-20 13:34:26,1274334797029089280,Watford,Leicester,Watford (1.67) 1-1 (0.98) Leicester,24
1693.50537109375,40,2020-06-20 16:06:04,1274372958799233025,Brighton,Arsenal,Brighton (0.74) 2-1 (0.69) Arsenal,42
615.7019653320312,41,2020-06-20 20:28:40,1274439042256510977,Torino,Parma,Torino (2.87) 1-1 (0.29) Parma,22
850.1580810546875,42,2020-06-21 12:58:17,1274688088330186757,Cardiff,Leeds,Cardiff (0.28) 2-0 (2.05) Leeds,279
538.3339233398438,43,2020-06-21 15:00:27,1274718833836687361,Newcastle,Sheffield Utd,Newcastle (2.11) 3-0 (0.70) Sheffield Utd,23
228.73077392578125,44,2020-06-21 17:17:20,1274753280028147713,Aston Villa,Chelsea,Aston Villa (1.64) 1-2 (1.37) Chelsea,41
643.9825439453125,45,2020-06-21 19:51:28,1274792068137783297,Everton,Liverpool,Everton (0.84) 0-0 (0.65) Liverpool,45
230.8553924560547,46,2020-06-22 19:44:23,1275152672715345923,Villarreal,Sevilla,Villarreal (1.10) 2-2 (1.49) Sevilla,14
590.9815673828125,47,2020-06-22 21:02:25,1275172311231008775,Man City,Burnley,Man City (2.37) 5-0 (0.03) Burnley,59
648.4818725585938,48,2020-06-24 19:21:49,1275871770399170562,Man Utd,Sheffield Utd,Man Utd (2.59) 3-0 (0.10) Sheffield Utd,63
83.82388305664062,49,2020-06-24 19:22:30,1275871944500547584,Norwich,Everton,Norwich (0.50) 0-1 (0.72) Everton,13
929.6455078125,50,2020-06-24 22:22:25,1275917221647339520,Liverpool,C Palace,Liverpool (2.77) 4-0 (0.08) C Palace,25
658.43505859375,51,2020-06-24 22:24:23,1275917716382253056,Inter Milan,Sassuolo,Inter Milan (2.98) 3-3 (1.95) Sassuolo,25
253.75961303710938,52,2020-06-25 19:07:47,1276230626358763526,Southampton,Arsenal,Southampton (0.88) 0-2 (2.35) Arsenal,27
986.9046630859375,53,2020-06-25 21:21:15,1276264214286479360,Chelsea,Man City,Chelsea (3.36) 2-1 (0.55) Man City,117
896.347412109375,54,2020-06-27 13:30:20,1276870479505219590,Aston Villa,Wolves,Aston Villa (0.67) 0-1 (0.58) Wolves,29
1562.8402099609375,55,2020-06-27 15:26:00,1276899591607267328,Dortmund,Hoffenheim,Dortmund (0.18) 0-4 (3.66) Hoffenheim,44
340.65130615234375,56,2020-06-27 17:22:45,1276928971427414016,Celta Vigo,Barcelona,Celta Vigo (2.01) 2-2 (2.09) Barcelona,41
789.6669311523438,57,2020-06-28 14:01:11,1277240632130625537,Sheffield Utd,Arsenal,Sheffield Utd (1.88) 1-2 (1.41) Arsenal,27
370.5377502441406,58,2020-06-28 17:25:32,1277292057384620033,Watford,Southampton,Watford (0.81) 1-3 (1.12) Southampton,10
216.80471801757812,59,2020-06-29 20:56:38,1277707570183131136,C Palace,Burnley,C Palace (1.52) 0-1 (0.43) Burnley,37
282.13525390625,60,2020-06-30 20:25:15,1278062063605121025,Mallorca,Celta Vigo,Mallorca (1.61) 5-1 (1.66) Celta Vigo,55
331.4085388183594,61,2020-06-30 20:44:08,1278066815399313410,Leeds,Luton,Leeds (1.69) 1-1 (0.20) Luton,34
650.2465209960938,62,2020-07-01 18:55:32,1278401870671810561,Arsenal,Norwich,Arsenal (1.76) 4-0 (0.27) Norwich,12
482.50048828125,63,2020-07-01 18:57:03,1278402252802269184,Bournemouth,Newcastle,Bournemouth (1.22) 1-4 (1.53) Newcastle,16
709.6498413085938,64,2020-07-01 21:11:51,1278436177876520963,West Ham,Chelsea,West Ham (1.88) 3-2 (1.54) Chelsea,37
755.7173461914062,65,2020-07-01 21:13:36,1278436618794414082,Inter Milan,Brescia,Inter Milan (3.82) 6-0 (0.31) Brescia,18
280.2001037597656,66,2020-07-02 19:55:57,1278779465003393025,Sheffield Utd,Tottenham,Sheffield Utd (1.38) 3-1 (1.10) Tottenham,10
738.1468505859375,67,2020-07-02 21:09:51,1278798063151259648,Man City,Liverpool,Man City (3.26) 4-0 (0.63) Liverpool,84
738.012939453125,68,2020-07-04 13:33:16,1279407934083137537,Derby,Notts Forest,Derby (1.71) 1-1 (0.44) Notts Forest,13
880.29541015625,69,2020-07-04 16:07:43,1279446801783967746,Man Utd,Bournemouth,Man Utd (2.60) 5-2 (1.54) Bournemouth,52
306.5508728027344,70,2020-07-04 19:20:57,1279495431760814082,Wolves,Arsenal,Wolves (1.05) 0-2 (1.24) Arsenal,13
968.7282104492188,71,2020-07-04 21:06:52,1279522088320143361,Chelsea,Watford,Chelsea (2.81) 3-0 (0.59) Watford,101
505.89959716796875,72,2020-07-05 17:24:43,1279828568911028230,Liverpool,Aston Villa,Liverpool (0.97) 2-0 (0.62) Aston Villa,26
1069.31689453125,73,2020-07-05 19:55:47,1279866586627821568,Southampton,Man City,Southampton (0.61) 1-0 (3.79) Man City,879
533.6951904296875,74,2020-07-05 20:49:56,1279880214265368580,Southampton,Gabriel Jesus,Southampton (0.61) 1-0 (1.59) Gabriel Jesus,271
505.5560607910156,75,2020-07-06 20:56:09,1280244166837010435,Tottenham,Everton,Tottenham (0.62) 1-0 (0.53) Everton,57
1044.5303955078125,76,2020-07-07 19:01:20,1280577657537802242,C Palace,Chelsea,C Palace (1.36) 2-3 (2.24) Chelsea,30
452.69207763671875,77,2020-07-07 19:03:41,1280578249098223617,Watford,Norwich,Watford (0.85) 2-1 (1.27) Norwich,18
469.30682373046875,78,2020-07-07 20:38:52,1280602205058449412,Lecce,Lazio,Lecce (2.34) 2-1 (1.98) Lazio,13
1007.874267578125,79,2020-07-07 21:14:06,1280611070466560000,Arsenal,Leicester,Arsenal (1.06) 1-1 (1.06) Leicester,159
617.9172973632812,80,2020-07-08 19:24:24,1280945849904902150,Man City,Newcastle,Man City (3.07) 5-0 (0.26) Newcastle,26
668.7460327148438,81,2020-07-08 19:27:03,1280946520112664576,West Ham,Burnley,West Ham (2.53) 0-1 (0.95) Burnley,72
1407.1898193359375,82,2020-07-08 21:12:56,1280973164428886016,Brighton,Liverpool,Brighton (2.94) 1-3 (1.81) Liverpool,326
585.38427734375,83,2020-07-08 22:36:57,1280994306807996420,Barcelona,Espanyol,Barcelona (1.04) 1-0 (0.90) Espanyol,23
726.1478271484375,84,2020-07-09 17:55:51,1281285953307500556,Leeds,Stoke,Leeds (3.90) 5-0 (0.23) Stoke,85
742.4534912109375,85,2020-07-09 18:56:17,1281301162097094663,Everton,Southampton,Everton (0.76) 1-1 (2.17) Southampton,23
258.1051330566406,86,2020-07-09 19:03:29,1281302975235993604,Bournemouth,Tottenham,Bournemouth (1.44) 0-0 (0.63) Tottenham,87
859.8139038085938,87,2020-07-09 21:15:44,1281336257541484544,Aston Villa,Man Utd,Aston Villa (0.41) 0-3 (2.43) Man Utd,43
674.6973266601562,88,2020-07-11 13:30:18,1281943901876649984,Norwich,West Ham,Norwich (0.64) 0-4 (4.19) West Ham,86
820.0051879882812,89,2020-07-11 16:04:16,1281982648932540417,Liverpool,Burnley,Liverpool (1.96) 1-1 (0.76) Burnley,29
951.5971069335938,90,2020-07-11 18:43:56,1282022829907677191,Sheffield Utd,Chelsea,Sheffield Utd (2.20) 3-0 (1.31) Chelsea,61
2430.231689453125,91,2020-07-11 21:07:27,1282058949861277697,Brighton,Man City,Brighton (0.09) 0-5 (4.78) Man City,163
771.0634155273438,92,2020-07-12 12:58:09,1282298200506892290,Wolves,Everton,Wolves (3.21) 3-0 (0.28) Everton,86
835.2455444335938,93,2020-07-12 16:01:00,1282344217038278658,Aston Villa,C Palace,Aston Villa (1.59) 2-0 (0.78) C Palace,23
237.66067504882812,94,2020-07-12 17:24:07,1282365130777526274,Tottenham,Arsenal,Tottenham (1.26) 2-1 (0.75) Arsenal,70
334.9696044921875,95,2020-07-12 20:32:23,1282412513359998977,Bournemouth,Leicester,Bournemouth (2.71) 4-1 (1.25) Leicester,56
1017.8417358398438,96,2020-07-13 21:11:14,1282784674331451394,Man Utd,Southampton,Man Utd (1.40) 2-2 (1.83) Southampton,166
285.4714660644531,97,2020-07-13 21:56:45,1282796133102821376,Granada,Real Madrid,Granada (1.32) 1-2 (0.47) Real Madrid,170
524.6446533203125,98,2020-07-14 18:54:39,1283112692778184707,FT: Wigan,Hull,FT: Wigan (1.71) 8-0 (0.92) Hull,278
1114.3746337890625,99,2020-07-14 21:08:52,1283146468593893377,Chelsea,Norwich,Chelsea (3.22) 1-0 (0.05) Norwich,277
614.90087890625,100,2020-07-14 21:38:57,1283154039585243138,Atalanta,Brescia,Atalanta (1.83) 6-2 (0.80) Brescia,129
892.6605224609375,101,2020-07-15 18:56:50,1283475631133675520,Man City,Bournemouth,Man City (0.54) 2-1 (1.93) Bournemouth,860
283.283203125,102,2020-07-15 19:00:05,1283476446091116550,Burnley,Wolves,Burnley (1.61) 1-1 (1.50) Wolves,19
524.3954467773438,103,2020-07-15 19:01:13,1283476732813729792,Newcastle,Tottenham,Newcastle (1.42) 1-3 (1.33) Tottenham,69
1776.8570556640625,104,2020-07-15 21:09:04,1283508908317966338,Arsenal,Liverpool,Arsenal (0.92) 2-1 (2.87) Liverpool,1017
576.5448608398438,105,2020-07-15 22:05:01,1283522988701351936,Sassuolo,Juventus,Sassuolo (1.85) 3-3 (2.64) Juventus,54
493.1967468261719,106,2020-07-16 20:29:41,1283861381628993554,Everton,Aston Villa,Everton (0.87) 1-1 (1.31) Aston Villa,12
445.9255676269531,107,2020-07-16 20:31:01,1283861719304077312,Leicester,Sheffield Utd,Leicester (2.91) 2-0 (0.97) Sheffield Utd,18
946.8550415039062,108,2020-07-16 21:21:35,1283874442804957185,Southampton,Brighton,Southampton (2.52) 1-1 (0.85) Brighton,50
356.350341796875,109,2020-07-16 21:54:57,1283882841596669957,Barcelona,Osasuna,Barcelona (1.21) 1-2 (0.75) Osasuna,38
888.0779418945312,110,2020-07-16 22:02:48,1283884819198488579,C Palace,Man Utd,C Palace (0.69) 0-2 (2.13) Man Utd,101
581.640869140625,111,2020-07-17 20:57:43,1284230825068855296,West Ham,Watford,West Ham (0.93) 3-1 (1.72) Watford,88
951.7175903320312,112,2020-07-18 20:42:03,1284589270880129024,Arsenal,Man City,Arsenal (1.29) 2-0 (1.44) Man City,225
539.4548950195312,113,2020-07-19 15:08:26,1284867703631740930,Bournemouth,Southampton,Bournemouth (0.62) 0-2 (2.67) Southampton,50
293.322509765625,114,2020-07-19 16:04:01,1284881691492974597,Barnsley,Notts Forest,Barnsley (2.95) 1-0 (0.88) Notts Forest,22
845.4609375,115,2020-07-19 19:05:50,1284927444802252800,Man Utd,Chelsea,Man Utd (1.12) 1-3 (1.89) Chelsea,102
467.71502685546875,116,2020-07-20 18:59:18,1285288189960359942,Sheffield Utd,Everton,Sheffield Utd (0.50) 0-1 (0.51) Everton,70
602.5829467773438,117,2020-07-21 18:54:25,1285649347175165955,Watford,Man City,Watford (0.37) 0-4 (3.25) Man City,57
974.8253784179688,118,2020-07-21 21:08:39,1285683127579549697,Aston Villa,Arsenal,Aston Villa (0.71) 1-0 (0.96) Arsenal,54
293.723876953125,119,2020-07-22 19:33:57,1286021684395466753,Man Utd,West Ham,Man Utd (1.14) 1-1 (1.59) West Ham,57
1222.7919921875,120,2020-07-22 21:10:29,1286045977837809668,Liverpool,Chelsea,Liverpool (1.32) 5-3 (2.57) Chelsea,1538
1125.95166015625,121,2020-07-26 16:59:16,1287432311076773889,Arsenal,Watford,Arsenal (1.84) 3-2 (4.17) Watford,1015
582.4210205078125,122,2020-07-26 16:59:54,1287432470359670786,C Palace,Tottenham,C Palace (1.32) 1-1 (0.38) Tottenham,26
772.1160888671875,123,2020-07-26 17:00:24,1287432593240133632,Leicester,Man Utd,Leicester (0.81) 0-1 (1.40) Man Utd,30
355.5581970214844,124,2020-07-26 17:01:29,1287432866150973441,Newcastle,Liverpool,Newcastle (0.55) 1-3 (0.64) Liverpool,27
318.39495849609375,125,2020-07-26 17:02:25,1287433102252552192,Chelsea,Wolves,Chelsea (1.55) 2-0 (0.41) Wolves,70
797.491455078125,126,2020-08-01 18:35:36,1289630878818357249,Arsenal,Chelsea,Arsenal (1.71) 2-1 (0.86) Chelsea,463
778.5172729492188,127,2020-08-04 21:29:50,1290761890549858310,Brentford,Fulham,Brentford (1.44) 1-2 (1.13) Fulham,193
362.4322814941406,128,2020-08-06 21:12:17,1291482251033751552,Wolves,Olympiakos,Wolves (2.32) 1-0 (1.46) Olympiakos,96
556.3975830078125,129,2020-08-07 20:55:14,1291840348575207424,Man City,Real Madrid,Man City (1.87) 2-1 (0.81) Real Madrid,235
554.9585571289062,130,2020-08-07 21:14:20,1291845153821462530,Juventus,Lyon,Juventus (2.84) 2-1 (1.10) Lyon,87
897.7698974609375,131,2020-08-08 20:54:22,1292202514796949515,Bayern,Chelsea,Bayern (3.26) 4-1 (1.14) Chelsea,159
1103.9605712890625,132,2020-08-08 21:07:33,1292205833183428609,Barcelona,Napoli,Barcelona (1.17) 3-1 (2.38) Napoli,682
240.14796447753906,133,2020-08-10 20:56:23,1292927801516077062,Inter Milan,Leverkusen,Inter Milan (3.17) 2-1 (0.72) Leverkusen,208
1024.3026123046875,134,2020-08-10 21:39:56,1292938760527765512,Man Utd,Copenhagen,Man Utd (3.69) 1-0 (0.77) Copenhagen,455
344.0558166503906,135,2020-08-11 20:55:53,1293290063556681729,Shakhtar,Basel,Shakhtar (1.70) 4-1 (2.08) Basel,317
260.6232604980469,136,2020-08-11 20:56:44,1293290273636835328,Wolves,Sevilla,Wolves (1.26) 0-1 (1.35) Sevilla,87
897.8616333007812,137,2020-08-12 21:01:05,1293653757708906497,Atalanta,PSG,Atalanta (0.58) 1-2 (3.29) PSG,450
358.4385986328125,138,2020-08-13 20:59:05,1294015642044116994,RB Leipzig,Atletico,RB Leipzig (1.18) 2-1 (1.18) Atletico,447
1122.4251708984375,139,2020-08-14 20:50:02,1294375754596339716,Barcelona,Bayern,Barcelona (1.04) 2-8 (5.59) Bayern,1644
1548.9771728515625,140,2020-08-15 20:58:48,1294740345436209153,Man City,Lyon,Man City (3.06) 1-3 (0.83) Lyon,3570
814.5652465820312,141,2020-08-16 09:26:25,1294928491851534337,Raheem Sterling,Lyon,Raheem Sterling (1.34) 0-3 (0.83) Lyon,1189
916.3458251953125,142,2020-08-16 20:56:07,1295102061143629824,Sevilla,Man Utd,Sevilla (1.37) 2-1 (2.69) Man Utd,605
460.0265197753906,143,2020-08-17 21:29:34,1295472867245727744,Inter,Shakhtar,Inter (1.60) 5-0 (0.79) Shakhtar,206
654.4282836914062,144,2020-08-18 20:54:49,1295826509647818755,RB Leipzig,PSG,RB Leipzig (1.27) 0-3 (3.32) PSG,232
382.21600341796875,145,2020-08-19 20:51:04,1296187954306658309,Lyon,Bayern,Lyon (1.88) 0-3 (2.71) Bayern,278
657.2908325195312,146,2020-08-21 20:54:59,1296913713421856770,Sevilla,Inter,Sevilla (0.98) 3-2 (1.91) Inter,749
306.57122802734375,147,2020-08-23 20:55:26,1297638604076920847,PSG,Bayern,PSG (1.05) 0-1 (1.26) Bayern,312
804.001220703125,148,2020-08-29 17:22:19,1299759298453606403,Arsenal,Liverpool,Arsenal (0.96) 1-1 (2.07) Liverpool,450
387.5558776855469,149,2020-09-05 17:51:12,1302303280413003787,Iceland,England,Iceland (0.81) 0-1 (1.52) England,107
1458.575439453125,150,2020-09-12 13:27:59,1304773754841698304,Fulham,Arsenal,Fulham (0.14) 0-3 (2.40) Arsenal,921
1007.5988159179688,151,2020-09-12 18:23:33,1304848138923106304,FT: Liverpool,Leeds,FT: Liverpool (3.36) 4-3 (0.45) Leeds,716
607.5775146484375,152,2020-09-12 20:56:00,1304886501919076352,West Ham,Newcastle,West Ham (1.22) 0-2 (1.59) Newcastle,103
1531.0357666015625,153,2020-09-13 14:54:18,1305157866303692800,West Brom,Leicester,West Brom (0.21) 0-3 (3.23) Leicester,262
592.9989624023438,154,2020-09-13 17:24:11,1305195587059552259,Tottenham,Everton,Tottenham (1.10) 0-1 (1.22) Everton,223
768.5369873046875,155,2020-09-13 21:00:17,1305249968601563141,PSG,Marseille,PSG (2.26) 0-1 (0.57) Marseille,285
561.7737426757812,156,2020-09-14 18:56:15,1305581140430946305,Sheffield Utd,Wolves,Sheffield Utd (1.15) 0-2 (1.78) Wolves,146
2233.64697265625,157,2020-09-14 21:10:55,1305615030604509187,Brighton,Chelsea,Brighton (1.70) 1-3 (1.44) Chelsea,2886
981.620849609375,158,2020-09-18 21:26:08,1307068414058430465,Bayern,Schalke,Bayern (4.32) 8-0 (0.16) Schalke,456
1914.358154296875,159,2020-09-19 13:57:37,1307317927486664704,Everton,West Brom,Everton (4.17) 5-2 (0.30) West Brom,582
756.9578857421875,160,2020-09-19 16:02:01,1307349236196020227,Leeds,Fulham,Leeds (1.65) 4-3 (1.33) Fulham,288
1268.1568603515625,161,2020-09-19 18:27:56,1307385956182495238,Man Utd,C Palace,Man Utd (1.42) 1-3 (1.89) C Palace,384
877.073486328125,162,2020-09-19 20:53:52,1307422682363895808,Arsenal,West Ham,Arsenal (1.53) 2-1 (2.46) West Ham,1946
2116.65966796875,163,2020-09-20 13:41:31,1307676263335821315,Southampton,Tottenham,Southampton (2.58) 2-5 (2.31) Spurs,1574
377.49530029296875,164,2020-09-20 17:24:43,1307732436428742658,Chelsea,Liverpool,Chelsea (1.04) 0-2 (1.74) Liverpool,326
565.27490234375,165,2020-09-20 19:55:05,1307770275698806784,Leicester,Burnley,Leicester (0.98) 4-2 (1.41) Burnley,892
1015.2982177734375,166,2020-09-21 21:09:41,1308151437218779137,Wolves,Man City,Wolves (0.83) 1-3 (2.12) Man City,213
3795.651611328125,167,2020-09-26 13:30:34,1309847833739231233,Brighton,Man Utd,Brighton (3.03) 2-3 (1.91) Man Utd,6552
1418.7916259765625,168,2020-09-26 18:25:50,1309922140112785408,West Brom,Chelsea,West Brom (0.65) 3-3 (2.58) Chelsea,884
863.7393798828125,169,2020-09-27 12:54:53,1310201243600588802,Sheffield Utd,Leeds,Sheffield Utd (1.74) 0-1 (1.34) Leeds,296
1864.4896240234375,170,2020-09-27 14:58:12,1310232275989278721,Tottenham,Newcastle,Tottenham (3.63) 1-1 (0.98) Newcastle,1601
351.3597717285156,171,2020-09-27 16:22:45,1310253554758750208,Hoffenheim,Bayern,Hoffenheim (2.36) 4-1 (1.73) Bayern,346
616.1215209960938,172,2020-09-27 16:24:06,1310253893440462848,Atletico,Granada,Atletico (3.73) 6-1 (1.72) Granada,110
842.6669921875,173,2020-09-27 17:22:22,1310268556144193544,Man City,Leicester,Man City (1.55) 2-5 (3.02) Leicester,673
619.9989013671875,174,2020-09-27 19:56:14,1310307278747242496,West Ham,Wolves,West Ham (3.35) 4-0 (0.47) Wolves,630
515.0384521484375,175,2020-09-28 18:43:41,1310651410049048577,Fulham,Aston Villa,Fulham (0.71) 0-3 (2.38) Aston Villa,196
861.0367431640625,176,2020-09-28 20:54:16,1310684273918251011,Liverpool,Arsenal,Liverpool (2.84) 3-1 (1.40) Arsenal,345
583.2584838867188,177,2020-10-02 20:52:45,1312133442272804864,PSG,Angers,PSG (2.15) 6-1 (1.14) Angers,462
990.7012329101562,178,2020-10-03 13:28:00,1312383905618591745,Chelsea,C Palace,Chelsea (3.10) 4-0 (0.15) C Palace,1007
662.6636962890625,179,2020-10-03 15:57:26,1312421512276738048,Everton,Brighton,Everton (2.03) 4-2 (1.37) Brighton,226
2014.95556640625,180,2020-10-03 18:21:25,1312457746797666304,Leeds,Man City,Leeds (2.67) 1-1 (1.44) Man City,5115
769.7532958984375,181,2020-10-04 12:53:21,1312737574591619073,Leicester,West Ham,Leicester (0.54) 0-3 (1.98) West Ham,383
1156.5255126953125,182,2020-10-04 14:58:50,1312769152839548928,Arsenal,Sheffield Utd,Arsenal (0.61) 2-1 (0.29) Sheffield Utd,965
904.55517578125,183,2020-10-04 17:24:06,1312805708639936512,Man Utd,Tottenham,Man Utd (0.97) 1-6 (3.71) Tottenham,790
761.9826049804688,184,2020-10-04 19:19:03,1312834639321591809,Bayern,Hertha Berlin,Bayern (4.02) 4-3 (1.35) Hertha Berlin,266
1349.8013916015625,185,2020-10-04 20:10:00,1312847460897828865,Aston Villa,Liverpool,Aston Villa (3.76) 7-2 (1.62) Liverpool,1052
310.16162109375,186,2020-10-04 20:52:48,1312858232222867456,Barcelona,Sevilla,Barcelona (0.94) 1-1 (1.80) Sevilla,308
1485.1927490234375,187,2020-10-17 13:51:36,1317463273579679744,Everton,Liverpool,Everton (1.40) 2-2 (2.79) Liverpool,763
1802.5108642578125,188,2020-10-17 15:58:37,1317495238236229634,Chelsea,Southampton,Chelsea (1.92) 3-3 (1.91) Southampton,2020
907.9736938476562,189,2020-10-17 16:00:35,1317495734430814213,Celta Vigo,Atletico,Celta Vigo (2.46) 0-2 (1.05) Atletico,433
544.0117797851562,190,2020-10-17 17:58:26,1317525392291450885,Inter Milan,AC Milan,Inter Milan (2.85) 1-2 (2.18) AC Milan,162
1069.17529296875,191,2020-10-17 18:23:38,1317531735421341696,Man City,Arsenal,Man City (1.46) 1-0 (0.92) Arsenal,301
757.6165771484375,192,2020-10-17 18:29:09,1317533121164775426,Real Madrid,Cadiz,Real Madrid (1.20) 0-1 (2.03) Cadiz,666
1631.37158203125,193,2020-10-17 20:58:21,1317570668251197442,Newcastle,Man Utd,Newcastle (1.07) 1-4 (2.51) Man Utd,246
227.0611114501953,194,2020-10-18 08:02:51,1317737894405148672,Getafe,Barcelona,Getafe (1.84) 1-0 (0.95) Barcelona,496
830.257080078125,195,2020-10-18 12:57:45,1317812108545982465,Sheffield Utd,Fulham,Sheffield Utd (2.18) 1-1 (1.79) Fulham,216
1344.4342041015625,196,2020-10-18 17:23:29,1317878984311537666,Tottenham,West Ham,Tottenham (1.72) 3-3 (1.84) West Ham,4066
844.6007690429688,197,2020-10-18 20:13:35,1317921790166007808,Leicester,Aston Villa,Leicester (0.65) 0-1 (0.91) Aston Villa,259
478.3319091796875,198,2020-10-19 20:55:37,1318294758012444672,Leeds,Wolves,Leeds (1.37) 0-1 (0.65) Wolves,972
379.0827941894531,199,2020-10-20 20:52:37,1318656389292544000,Barcelona,Ferencvaros,Barcelona (2.80) 5-1 (1.20) Ferencvaros,219
558.484130859375,200,2020-10-20 20:53:45,1318656674127896577,Lazio,Dortmund,Lazio (1.64) 3-1 (1.98) Dortmund,213
944.0789184570312,201,2020-10-20 20:54:30,1318656865400741891,PSG,Man Utd,PSG (1.91) 1-2 (1.71) Man Utd,501
1625.843994140625,202,2020-10-20 21:07:29,1318660133455564800,Chelsea,Sevilla,Chelsea (0.43) 0-0 (0.28) Sevilla,1580
832.4314575195312,203,2020-10-20 21:11:56,1318661253015941121,Leipzig,Basaksehir,Leipzig (1.27) 2-0 (1.23) Basaksehir,259
404.5161437988281,204,2020-10-21 18:47:20,1318987249900527618,Real Madrid,Shakhtar,Real Madrid (1.15) 2-3 (1.59) Shakhtar,663
335.7748107910156,205,2020-10-21 20:52:30,1319018746841878534,Bayern,Atletico Madrid,Bayern (3.08) 4-0 (0.41) Atletico Madrid,537
742.178955078125,206,2020-10-21 20:55:07,1319019405473402885,Ajax,Liverpool,Ajax (1.67) 0-1 (1.19) Liverpool,600
600.3715209960938,207,2020-10-21 20:57:39,1319020044131631110,Man City,Porto,Man City (1.70) 3-1 (0.33) Porto,131
461.0111389160156,208,2020-10-21 20:59:48,1319020586920759296,Inter,Monchengladbach,Inter (3.19) 2-2 (1.42) Monchengladbach,273
420.8117370605469,209,2020-10-22 19:33:13,1319361184194351110,Rapid Wien,Arsenal,Rapid Wien (1.24) 1-2 (1.67) Arsenal,255
703.6439208984375,210,2020-10-22 19:42:32,1319363529409953793,Leverkusen,Nice,Leverkusen (1.86) 6-2 (1.01) Nice,710
377.5882873535156,211,2020-10-22 20:49:45,1319380442827657224,Celtic,AC Milan,Celtic (1.02) 1-3 (0.79) AC Milan,494
959.2564086914062,212,2020-10-23 20:58:05,1319744928424091648,Aston Villa,Leeds,Aston Villa (1.45) 0-3 (2.23) Leeds,588
848.0974731445312,213,2020-10-24 13:40:41,1319997243907342337,West Ham,Man City,West Ham (0.37) 1-1 (1.08) Man City,305
647.4830932617188,214,2020-10-24 15:58:54,1320032025399668738,Fulham,C Palace,Fulham (1.00) 1-2 (2.68) C Palace,168
1278.9874267578125,215,2020-10-24 16:04:03,1320033322005823488,Barcelona,Real Madrid,Barcelona (1.91) 1-3 (3.64) Real Madrid,611
1817.0594482421875,216,2020-10-24 16:17:30,1320036705227997184,Venlo,Ajax,Venlo (0.17) 0-13 (7.02) Ajax,2562
1806.99951171875,217,2020-10-24 18:22:39,1320068203054309385,Man Utd,Chelsea,Man Utd (0.73) 0-0 (0.25) Chelsea,2544
576.850830078125,218,2020-10-24 20:54:27,1320106403248353280,Liverpool,Sheffield Utd,Liverpool (2.80) 2-1 (1.61) Sheffield Utd,281
669.2356567382812,219,2020-10-25 15:53:45,1320393115652546561,Southampton,Everton,Southampton (0.62) 2-0 (0.31) Everton,412
850.19482421875,220,2020-10-25 18:21:02,1320430181660692483,Wolves,Newcastle,Wolves (0.74) 1-1 (0.33) Newcastle,208
1163.353515625,221,2020-10-25 21:12:21,1320473295419023361,Arsenal,Leicester,Arsenal (1.27) 0-1 (0.79) Leicester,742
1281.154541015625,222,2020-10-26 21:55:18,1320846489975955460,Burnley,Tottenham,Burnley (1.15) 0-1 (0.82) Tottenham,1780
612.0921630859375,223,2020-10-26 23:09:21,1320865125297999878,AC Milan,Roma,AC Milan (2.96) 3-3 (2.38) Roma,415
978.4148559570312,224,2020-10-27 19:50:53,1321177567471218703,Shakhtar,Inter Milan,Shakhtar (0.07) 0-0 (2.09) Inter Milan,776
542.6334228515625,225,2020-10-27 19:51:45,1321177787990986759,Lokomotiv,Bayern,Lokomotiv (2.04) 1-2 (2.85) Bayern,278
1049.8184814453125,226,2020-10-27 19:54:29,1321178473327742977,Shakhtar,Lukaku,Shakhtar (0.07) 0-0 (0.88) Lukaku,550
878.8916625976562,227,2020-10-27 21:52:49,1321208255985651713,Liverpool,Midtjylland,Liverpool (1.82) 2-0 (1.37) Midtjylland,253
1946.595947265625,228,2020-10-27 21:53:44,1321208483954511873,Marseille,Man City,Marseille (0.05) 0-3 (1.99) Man City,2188
1001.5658569335938,229,2020-10-27 21:55:23,1321208900021067778,M’gladbach,Real Madrid,M’gladbach (1.35) 2-2 (3.03) Real Madrid,354
686.7362670898438,230,2020-10-28 19:58:36,1321541898658549764,Krasnodar,Chelsea,Krasnodar (0.62) 0-4 (2.77) Chelsea,483
1050.169189453125,231,2020-10-28 21:51:57,1321570426749919234,Man Utd,RB Leipzig,Man Utd (2.48) 5-0 (0.44) RB Leipzig,930
701.2164306640625,232,2020-10-28 21:52:51,1321570650092376065,Juventus,Barcelona,Juventus (0.29) 0-2 (2.31) Barcelona,510
704.7639770507812,233,2020-10-29 20:29:11,1321911985034985479,Antwerp,Tottenham,Antwerp (1.56) 1-0 (0.83) Tottenham,870
158.22091674804688,234,2020-10-29 20:29:35,1321912083303247872,Lille,Celtic,Lille (2.83) 2-2 (0.51) Celtic,381
1102.50634765625,235,2020-10-29 22:15:41,1321938783810560002,Arsenal,Dundalk,Arsenal (3.48) 3-0 (0.09) Dundalk,891
855.5823974609375,236,2020-10-30 21:57:02,1322296477658587138,Wolves,C Palace,Wolves (1.69) 2-0 (0.87) C Palace,308
921.5968627929688,237,2020-10-31 14:24:20,1322544941277552641,Sheffield Utd,Man City,Sheffield Utd (0.31) 0-1 (1.75) Man City,413
623.264892578125,238,2020-10-31 16:57:32,1322583497412935682,Burnley,Chelsea,Burnley (0.34) 0-3 (1.40) Chelsea,490
721.6387939453125,239,2020-10-31 19:25:12,1322620658216505357,Liverpool,West Ham,Liverpool (1.58) 2-1 (0.35) West Ham,228
691.5260009765625,240,2020-10-31 19:50:26,1322627009533628416,Inter Milan,Parma,Inter Milan (3.04) 2-2 (0.83) Parma,570
876.4671020507812,241,2020-10-31 21:53:44,1322658037124026370,Deportivo,Barcelona,Deportivo (0.97) 1-1 (2.26) Barcelona,409
3459.559326171875,242,2020-11-01 13:58:36,1322900855683731471,Aston Villa,Southampton,Aston Villa (2.67) 3-4 (0.80) Southampton,7343
576.0686645507812,243,2020-11-01 15:55:51,1322930359789604864,Newcastle,Everton,Newcastle (2.38) 2-1 (1.35) Everton,552
2250.828125,244,2020-11-01 18:24:33,1322967781940301824,Man Utd,Arsenal,Man Utd (0.38) 0-1 (1.09) Arsenal,3949
1018.4285888671875,245,2020-11-01 21:12:01,1323009928294993923,Tottenham,Brighton,Tottenham (2.03) 2-1 (0.40) Brighton,582
950.1682739257812,246,2020-11-02 21:54:11,1323382927850352640,Leeds,Leicester,Leeds (1.42) 1-4 (3.20) Leicester,658
617.9978637695312,247,2020-11-03 19:52:10,1323714606964113409,Shakhtar,Monchengladbach,Shakhtar (0.50) 0-6 (2.41) Monchengladbach,640
1253.173828125,248,2020-11-03 21:42:33,1323742384727928839,Blackburn,Middlesbrough,Blackburn (0.13) 0-0 (2.37) Middlesbrough,369
639.1573486328125,249,2020-11-03 21:51:00,1323744514410975232,Real Madrid,Inter Milan,Real Madrid (0.92) 3-2 (0.75) Inter Milan,632
1443.6492919921875,250,2020-11-03 21:52:51,1323744979026628614,Atalanta,Liverpool,Atalanta (1.28) 0-5 (2.49) Liverpool,423
828.818359375,251,2020-11-03 21:54:30,1323745392178192389,Man City,Olympiakos,Man City (1.66) 3-0 (0.43) Olympiakos,201
1446.140625,252,2020-11-03 22:01:39,1323747191597518849,Atalanta,Diogo Jota,Atalanta (1.28) 0-3 (1.17) Diogo Jota,3769
1549.056396484375,253,2020-11-04 19:47:35,1324075841958137862,Basaksehir,Man Utd,Basaksehir (1.19) 2-1 (0.54) Man Utd,2420
799.4912719726562,254,2020-11-04 21:55:50,1324108115797749760,Chelsea,Rennes,Chelsea (3.08) 3-0 (0.73) Rennes,739
1583.2930908203125,255,2020-11-04 21:56:57,1324108399609565186,Barcelona,Dynamo Kyiv,Barcelona (4.35) 2-1 (2.49) Dynamo Kyiv,642
675.4254150390625,256,2020-11-05 19:46:41,1324438002572136450,Ludogorets,Tottenham,Ludogorets (0.74) 1-3 (4.34) Tottenham,400
1634.5433349609375,257,2020-11-05 19:49:18,1324438661094690816,Real Sociedad,AZ Alkmaar,Real Sociedad (4.87) 1-0 (0.22) AZ Alkmaar,2260
1019.9288330078125,258,2020-11-06 19:22:39,1324794342222057473,Brighton,Burnley,Brighton (1.82) 0-0 (0.52) Burnley,577
823.319580078125,259,2020-11-06 21:51:47,1324831872925446149,Southampton,Newcastle,Southampton (1.05) 2-0 (0.31) Newcastle,359
2749.300537109375,260,2020-11-07 14:28:11,1325082627385266178,Everton,Man Utd,Everton (0.38) 1-3 (2.26) Man Utd,1879
2341.029296875,261,2020-11-07 16:55:33,1325119713886826497,C Palace,Leeds,C Palace (0.88) 4-1 (1.03) Leeds,3330
2476.330078125,262,2020-11-07 17:22:29,1325126489826865153,Biden,Trump,Biden (306) 290-214 (232) Trump,4955
1664.0208740234375,263,2020-11-07 17:58:52,1325135647502315520,Barcelona,Real Betis,Barcelona (4.54) 5-2 (1.17) Real Betis,361
710.8251342773438,264,2020-11-07 19:25:05,1325157343756083201,Chelsea,Sheffield Utd,Chelsea (2.80) 4-1 (0.79) Sheffield Utd,493
881.397705078125,265,2020-11-07 19:29:44,1325158512129961985,Dortmund,Bayern,Dortmund (2.68) 2-3 (1.48) Bayern,1231
1205.9036865234375,266,2020-11-08 13:56:07,1325436942868230145,West Brom,Tottenham,West Brom (0.92) 0-1 (1.95) Tottenham,608
557.7741088867188,267,2020-11-08 15:58:58,1325467859930243074,Leicester,Wolves,Leicester (2.19) 1-0 (0.73) Wolves,278
1335.55029296875,268,2020-11-08 18:26:03,1325504874986004481,Man City,Liverpool,Man City (1.84) 1-1 (1.29) Liverpool,674
1470.631591796875,269,2020-11-08 21:10:54,1325546361094279169,Arsenal,Aston Villa,Arsenal (1.57) 0-3 (2.40) Aston Villa,817
678.8861694335938,270,2020-11-08 22:03:18,1325559547851927553,Valencia,Real Madrid,Valencia (2.58) 4-1 (1.26) Real Madrid,584
1038.73779296875,271,2020-11-17 21:36:56,1328814402305482760,Spain,Germany,Spain (3.47) 6-0 (0.12) Germany,2638
981.899169921875,272,2020-11-17 21:40:50,1328815385873879041,Ferran Torres,Germany,Ferran Torres (1.28) 3-0 (0.12) Germany,1258
535.4603881835938,273,2020-11-18 21:39:30,1329177436920172545,FT: England,Iceland,FT: England (2.73) 4-0 (0.08) Iceland,292
1156.0570068359375,274,2020-11-21 14:28:04,1330156027703123969,Newcastle,Chelsea,Newcastle (0.54) 0-2 (2.03) Chelsea,1021
1208.8138427734375,275,2020-11-21 16:58:20,1330193843690627079,Aston Villa,Brighton,Aston Villa (2.35) 1-2 (1.41) Brighton,608
2294.4814453125,276,2020-11-21 19:22:32,1330230129893773321,Tottenham,Man City,Spurs (0.79) 2-0 (2.18) Man City,4900
1908.1900634765625,277,2020-11-21 21:53:30,1330268123577114624,Man Utd,West Brom,Man Utd (2.47) 1-0 (0.50) West Brom,1680
584.3911743164062,278,2020-11-21 22:53:25,1330283200015429638,Atletico,Barcelona,Atletico (0.62) 1-0 (1.68) Barcelona,453
1074.5313720703125,279,2020-11-22 13:54:34,1330509983172202503,Fulham,Everton,Fulham (1.94) 2-3 (1.96) Everton,620
815.2689819335938,280,2020-11-22 15:49:59,1330539028702179334,Sheffield Utd,West Ham,Sheffield Utd (0.75) 0-1 (2.45) West Ham,494
2492.1806640625,281,2020-11-22 18:24:31,1330577919035518976,Leeds,Arsenal,Leeds (2.19) 0-0 (0.74) Arsenal,4180
1295.701904296875,282,2020-11-22 21:08:10,1330619103674052609,Liverpool,Leicester,Liverpool (3.88) 3-0 (1.21) Leicester,1339
772.8085327148438,283,2020-11-22 21:10:11,1330619611360997377,Firmino,Leicester,Firmino (1.62) 1-0 (1.21) Leicester,757
281.0458068847656,284,2020-11-23 19:24:12,1330955326938636299,Burnley,Crystal Palace,Burnley (1.72) 1-0 (1.26) Crystal Palace,313
1314.979248046875,285,2020-11-23 21:52:37,1330992676112650250,Wolves,Southampton,Wolves (1.97) 1-1 (1.00) Southampton,489
851.0267944335938,286,2020-11-24 19:50:41,1331324378471141377,Rennes,Chelsea,Rennes (1.26) 1-2 (2.19) Chelsea,833
1348.7218017578125,287,2020-11-24 21:55:36,1331355815081553921,Man Utd,Besaksehir,Man Utd (3.55) 4-1 (1.52) Besaksehir,412
1149.1893310546875,288,2020-11-24 21:56:07,1331355946942140424,Dynamo Kyiv,Barcelona,Dynamo Kyiv (0.37) 0-4 (3.11) Barcelona,221
661.0808715820312,289,2020-11-24 21:56:46,1331356111010734091,PSG,RB Leipzig,PSG (1.14) 1-0 (0.93) RB Leipzig,304
1224.0159912109375,290,2020-11-25 20:01:47,1331689560074571776,Olympiacos,Man City,Olympiacos (0.18) 0-1 (2.35) Man City,574
1985.9615478515625,291,2020-11-25 21:51:09,1331717081897824256,Bayern,Salzburg,Bayern (1.37) 3-1 (3.50) Salzburg,5646
1902.6217041015625,292,2020-11-25 21:52:08,1331717331660267522,Liverpool,Atalanta,Liverpool (0.19) 0-2 (1.46) Atalanta,3296
1761.50732421875,293,2020-11-26 18:43:21,1332032210178805760,Molde,Arsenal,Molde (1.04) 0-0 (0.59) Arsenal,2847
957.002685546875,294,2020-11-26 19:46:56,1332048212115546115,FT: Molde,Arsenal,FT: Molde (1.22) 0-3 (2.60) Arsenal,732
589.0587768554688,295,2020-11-26 19:57:38,1332050902988054535,Braga,Leicester,Braga (1.93) 3-3 (2.58) Leicester,258
1346.9383544921875,296,2020-11-26 21:52:51,1332079898773614592,Tottenham,Ludogorets,Spurs (3.58) 4-0 (0.00) Ludogorets,3560
959.1041259765625,297,2020-11-27 21:51:05,1332441843544563718,Wolfsburg,Werder Bremen,Wolfsburg (1.37) 5-3 (0.84) Werder Bremen,2882
817.2075805664062,298,2020-11-27 22:00:48,1332444288169414660,C Palace,Newcastle,C Palace (0.62) 0-2 (1.45) Newcastle,167
3814.303955078125,299,2020-11-28 14:27:09,1332692509902983176,Brighton,Liverpool,Brighton (2.29) 1-1 (0.42) Liverpool,7887
905.0046997070312,300,2020-11-28 16:27:55,1332722902173700104,Stuttgart,Bayern Munich,Stuttgart (1.42) 1-3 (0.80) Bayern Munich,1554
853.021240234375,301,2020-11-28 16:52:15,1332729027136729091,Man City,Burnley,Man City (1.93) 5-0 (0.46) Burnley,1202
801.7030029296875,302,2020-11-28 16:53:25,1332729319660122113,Mahrez,Burnley,Mahrez (0.95) 3-0 (0.46) Burnley,689
1652.525634765625,303,2020-11-28 19:28:42,1332768398460268544,Everton,Leeds,Everton (1.57) 0-1 (3.24) Leeds,1719
597.2977294921875,304,2020-11-29 15:31:24,1333071068786008065,Barcelona,Osasuna,Barcelona (3.82) 4-0 (1.95) Osasuna,436
3251.922119140625,305,2020-11-29 15:56:17,1333077331905302529,Southampton,Man Utd,Southampton (0.48) 2-3 (3.01) Man Utd,5242
1969.7506103515625,306,2020-11-29 18:26:28,1333115124413050886,Chelsea,Tottenham,Chelsea (0.96) 0-0 (0.17) Spurs,4411
1459.82470703125,307,2020-11-29 21:17:07,1333158072299229184,Arsenal,Wolves,Arsenal (0.83) 1-2 (2.33) Wolves,1494
773.0845336914062,308,2020-11-30 18:23:10,1333476683509354504,Leicester,Fulham,Leicester (0.94) 0-2 (1.56) Fulham,621
560.7147827148438,309,2020-11-30 19:28:27,1333493110823919620,Leicester,Fulham,Leicester (1.58) 1-2 (2.00) Fulham,601
2288.494384765625,310,2020-11-30 21:57:16,1333530562871619585,West Ham,Aston Villa,West Ham (0.65) 2-1 (2.89) Aston Villa,4154
1151.736572265625,311,2020-11-30 21:58:22,1333530840500932608,West Ham,Ollie Watkins,West Ham (0.65) 2-0 (1.41) Ollie Watkins,1182
593.2071533203125,312,2020-12-01 19:51:16,1333861240557465600,Shakhtar,Real Madrid,Shakhtar (1.47) 2-0 (1.46) Real Madrid,1413
980.3068237304688,313,2020-12-01 21:55:06,1333892405687365634,Liverpool,Ajax,Liverpool (2.58) 1-0 (1.64) Ajax,483
2588.28076171875,314,2020-12-01 21:56:22,1333892723347255298,Porto,Man City,Porto (0.03) 0-0 (3.15) Man City,5501
808.7140502929688,315,2020-12-01 22:02:21,1333894228590604289,Atletico,Bayern,Atletico (1.60) 1-1 (1.09) Bayern,396
1358.953369140625,316,2020-12-02 21:53:01,1334254267700482049,Sevilla,Chelsea,Sevilla (1.55) 0-4 (2.45) Chelsea,3048
1659.6805419921875,317,2020-12-02 21:53:21,1334254354363277317,Man Utd,PSG,Man Utd (1.27) 1-3 (2.89) PSG,903
1384.658447265625,318,2020-12-02 23:46:57,1334282939450994689,Sevilla,Olivier Giroud,Sevilla (1.55) 0-4 (1.52) Olivier Giroud,1137
736.3360595703125,319,2020-12-03 20:09:34,1334590622917931010,LASK,Tottenham,LASK (0.98) 3-3 (2.17) Tottenham,1365
889.31201171875,320,2020-12-03 21:57:54,1334617884916654084,Arsenal,Rapid Wien,Arsenal (3.84) 4-1 (1.20) Rapid Wien,1231
752.3475952148438,321,2020-12-05 14:24:59,1335228681338449928,Burnley,Everton,Burnley (0.93) 1-1 (2.29) Everton,1154
700.3924560546875,322,2020-12-05 17:01:49,1335268147499298816,Man City,Fulham,Man City (3.36) 2-0 (0.29) Fulham,685
2726.865966796875,323,2020-12-05 19:24:16,1335303999508131849,West Ham,Man Utd,West Ham (2.79) 1-3 (1.30) Man Utd,5359
854.6416015625,324,2020-12-05 20:55:11,1335326879440646150,Bayern,RB Leipzig,Bayern (1.09) 3-3 (1.17) RB Leipzig,1084
4004.546142578125,325,2020-12-05 21:54:07,1335341707693580288,Chelsea,Leeds,Chelsea (4.35) 3-1 (0.97) Leeds,7525
1021.4059448242188,326,2020-12-05 21:56:00,1335342180886523904,Cadiz,Barcelona,Cadiz (2.16) 2-1 (1.79) Barcelona,982
2289.63037109375,327,2020-12-06 13:57:18,1335584102280531970,West Brom,C Palace,West Brom (0.62) 1-5 (1.78) C Palace,2176
430.96826171875,328,2020-12-06 16:08:23,1335617091676884999,Sheffield Utd,Leicester,Sheffield Utd (0.33) 1-2 (1.50) Leicester,483
2898.97802734375,329,2020-12-06 18:21:33,1335650603100418049,Tottenham,Arsenal,Spurs (0.27) 2-0 (0.61) Arsenal,5300
898.611083984375,330,2020-12-06 21:10:06,1335693019035656194,Liverpool,Wolves,Liverpool (1.74) 4-0 (0.48) Wolves,894
1819.885986328125,331,2020-12-07 21:51:44,1336065886168494080,Brighton,Southampton,Brighton (2.06) 1-2 (1.46) Southampton,1562
1959.6968994140625,332,2020-12-08 21:55:57,1336429335377555456,Leipzig,Man Utd,Leipzig (1.67) 3-2 (2.26) Man Utd,3574
935.5466918945312,333,2020-12-08 21:57:30,1336429725464539136,Barcelona,Juventus,Barcelona (0.90) 0-3 (2.43) Juventus,529
1624.2955322265625,334,2020-12-08 21:57:51,1336429811301015553,Chelsea,Krasnodar,Chelsea (2.58) 1-1 (0.33) Krasnodar,2324
494.2919921875,335,2020-12-09 19:51:47,1336760473912553472,Ajax,Atalanta,Ajax (0.74) 0-1 (0.92) Atalanta,225
1567.11083984375,336,2020-12-09 19:52:50,1336760740418613248,Midtjylland,Liverpool,Midtjylland (2.92) 1-1 (1.35) Liverpool,2457
659.0887451171875,337,2020-12-09 21:55:10,1336791526136012800,Real Madrid,M’gladbach,Real Madrid (3.20) 2-0 (0.71) M’gladbach,688
839.1039428710938,338,2020-12-09 21:57:41,1336792156229537792,Man City,Marseille,Man City (3.17) 3-0 (0.67) Marseille,519
1064.4462890625,339,2020-12-09 22:03:57,1336793735431122952,Inter Milan,Shakhtar,Inter Milan (1.84) 0-0 (0.39) Shakhtar,331
1268.84375,340,2020-12-10 19:59:49,1337124884200165378,Dundalk,Arsenal,Dundalk (0.33) 2-4 (1.86) Arsenal,686
1347.555908203125,341,2020-12-10 22:02:11,1337155678226575360,Tottenham,Antwerp,Tottenham (3.25) 2-0 (0.05) Antwerp,1532
587.9476928710938,342,2020-12-10 22:03:19,1337155964814942210,Leicester,AEK Athens,Leicester (1.82) 2-0 (0.24) AEK Athens,281
755.4867553710938,343,2020-12-11 22:09:00,1337519782535585795,Leeds,West Ham,Leeds (1.81) 1-2 (2.28) West Ham,1321
1204.03466796875,344,2020-12-12 14:28:19,1337766234125987847,Wolves,Aston Villa,Wolves (1.27) 0-1 (1.33) Aston Villa,876
1576.4840087890625,345,2020-12-12 16:34:13,1337797920461099010,Dortmund,Stuttgart,Dortmund (0.90) 1-5 (3.26) Stuttgart,3680
1080.6917724609375,346,2020-12-12 17:14:43,1337808110631743489,Newcastle,West Brom,Newcastle (1.14) 2-1 (0.77) West Brom,292
1810.1251220703125,347,2020-12-12 19:21:06,1337839916802322437,Man Utd,Man City,Man Utd (0.68) 0-0 (1.43) Man City,1410
642.7159423828125,348,2020-12-12 19:29:58,1337842148981551107,Union Berlin,Bayern,Union Berlin (1.23) 1-1 (1.21) Bayern,826
1408.473388671875,349,2020-12-12 21:55:05,1337878668257931266,Everton,Chelsea,Everton (1.34) 1-0 (1.09) Chelsea,1297
982.230224609375,350,2020-12-13 11:45:51,1338087734662078466,Real Madrid,Atletico,Real Madrid (0.76) 2-0 (0.91) Atletico,1347
1114.074462890625,351,2020-12-13 14:07:04,1338123275113799680,Southampton,Sheffield Utd,Southampton (2.28) 3-0 (0.25) Sheffield Utd,968
1372.97119140625,352,2020-12-13 16:09:05,1338153980543848452,C Palace,Tottenham,C Palace (1.97) 1-1 (1.44) Tottenham,2782
2261.45263671875,353,2020-12-13 18:25:27,1338188297886179329,Fulham,Liverpool,Fulham (1.78) 1-1 (1.78) Liverpool,5292
1697.3975830078125,354,2020-12-13 21:08:38,1338229363490349058,Arsenal,Burnley,Arsenal (2.06) 0-1 (1.30) Burnley,3030
884.4430541992188,355,2020-12-13 21:09:22,1338229548257832960,Leicester,Brighton,Leicester (1.82) 3-0 (0.94) Brighton,287
449.5339050292969,356,2020-12-13 21:59:55,1338242272182349825,Barcelona,Levante,Barcelona (2.91) 1-0 (1.15) Levante,410
1051.65625,357,2020-12-13 22:02:36,1338242946731225092,PSG,Lyon,PSG (0.27) 0-1 (0.88) Lyon,1095
1626.346435546875,358,2020-12-15 20:00:55,1338937099819618306,Wolves,Chelsea,Wolves (0.65) 2-1 (1.77) Chelsea,3855
2066.0888671875,359,2020-12-15 21:55:32,1338965944559951879,Man City,West Brom,Man City (2.98) 1-1 (0.35) West Brom,3308
2483.168701171875,360,2020-12-15 22:06:49,1338968784883904523,Raheem Sterling,West Brom,Raheem Sterling (1.04) 0-1 (0.35) West Brom,4876
453.06280517578125,361,2020-12-16 19:42:29,1339294846733922304,Juventus,Atalanta,Juventus (3.03) 1-1 (1.18) Atalanta,350
910.8718872070312,362,2020-12-16 19:52:46,1339297435869437956,Arsenal,Southampton,Arsenal (0.65) 1-1 (1.12) Southampton,916
739.0703735351562,363,2020-12-16 19:54:04,1339297764283478016,Leeds,Newcastle,Leeds (2.97) 5-2 (1.80) Newcastle,596
496.9384765625,364,2020-12-16 19:54:43,1339297927160795145,Leicester,Everton,Leicester (0.93) 0-2 (1.82) Everton,349
1871.89892578125,365,2020-12-16 21:51:11,1339327236978208771,Liverpool,Tottenham,Liverpool (1.29) 2-1 (1.65) Spurs,4620
1128.798583984375,366,2020-12-17 20:34:51,1339670415942270976,Aston Villa,Burnley,Aston Villa (2.32) 0-0 (0.31) Burnley,2109
1437.4132080078125,367,2020-12-17 21:53:36,1339690231654731777,Sheffield Utd,Man Utd,Sheffield Utd (1.78) 2-3 (2.10) Man Utd,1219
3379.10205078125,368,2020-12-19 14:19:16,1340300671158013953,C Palace,Liverpool,C Palace (0.46) 0-7 (2.72) Liverpool,5653
1204.7518310546875,369,2020-12-19 16:59:56,1340341103938121729,Southampton,Man City,Southampton (0.95) 0-1 (1.07) Man City,920
645.2914428710938,370,2020-12-19 17:21:45,1340346594709934082,Barcelona,Valencia,Barcelona (2.70) 2-2 (2.18) Valencia,469
2174.84130859375,371,2020-12-19 19:24:41,1340377533234229251,Everton,Arsenal,Everton (0.74) 2-1 (1.53) Arsenal,3100
1309.5841064453125,372,2020-12-19 22:14:02,1340420151414538244,Newcastle,Fulham,Newcastle (1.42) 1-1 (1.45) Fulham,535
2640.025146484375,373,2020-12-20 13:56:19,1340657284293267456,Brighton,Sheffield Utd,Brighton (3.35) 1-1 (0.92) Sheffield Utd,5857
849.6348876953125,374,2020-12-20 16:11:54,1340691405191180288,Tottenham,Leicester,Spurs (0.89) 0-2 (1.57) Leicester,1323
3698.73779296875,375,2020-12-20 18:24:01,1340724655208980487,Man Utd,Leeds,Man Utd (4.50) 6-2 (2.33) Leeds,7594
3070.01318359375,376,2020-12-20 21:17:00,1340768188217356290,West Brom,Aston Villa,West Brom (0.02) 0-3 (2.86) Aston Villa,6085
1020.5997924804688,377,2020-12-21 21:55:45,1341140327370022912,Chelsea,West Ham,Chelsea (2.42) 3-0 (0.68) West Ham,2849
2873.290283203125,378,2020-12-26 14:21:02,1342837830721150976,Leicester,Man Utd,Leicester (0.82) 2-2 (2.05) Man Utd,5451
4111.43212890625,379,2020-12-26 16:59:59,1342877830972121093,Aston Villa,C Palace,Aston Villa (5.04) 3-0 (1.07) C Palace,6981
2406.32177734375,380,2020-12-26 19:23:03,1342913838782492688,Arsenal,Chelsea,Arsenal (2.09) 3-1 (2.42) Chelsea,5490
1029.836669921875,381,2020-12-26 21:51:43,1342951250850156545,Man City,Newcastle,Man City (3.18) 2-0 (0.34) Newcastle,1057
1086.158935546875,382,2020-12-26 21:52:49,1342951527175122953,Sheffield Utd,Everton,Sheffield Utd (1.20) 0-1 (0.63) Everton,1159
1104.925537109375,383,2020-12-27 13:49:57,1343192395375063040,Leeds,Burnley,Leeds (2.28) 1-0 (1.35) Burnley,1289
253.2264404296875,384,2020-12-27 16:06:05,1343226657218441216,West Ham,Brighton,West Ham (1.60) 2-2 (1.63) Brighton,1102
1453.810302734375,385,2020-12-27 18:22:07,1343260890636947456,Liverpool,West Brom,Liverpool (1.76) 1-1 (0.76) West Brom,2160
1894.244384765625,386,2020-12-27 21:10:14,1343303196249354246,Wolves,Tottenham,Wolves (1.07) 1-1 (0.38) Tottenham,4198
831.4041137695312,387,2020-12-28 16:52:13,1343600655718612992,C Palace,Leicester,C Palace (0.45) 1-1 (1.96) Leicester,773
780.0808715820312,388,2020-12-28 16:52:59,1343600846651666432,C Palace,Iheanacho,C Palace (0.45) 1-0 (1.19) Iheanacho,838
1047.221435546875,389,2020-12-28 19:24:30,1343638976410902528,Chelsea,Aston Villa,Chelsea (1.24) 1-1 (1.08) Aston Villa,1401
1600.786376953125,390,2020-12-29 19:50:46,1344007976995205122,West Brom,Leeds,West Brom (0.70) 0-5 (1.34) Leeds,2182
2094.586669921875,391,2020-12-29 19:51:55,1344008263923339265,Brighton,Arsenal,Brighton (0.89) 0-1 (1.36) Arsenal,2293
654.3783569335938,392,2020-12-29 20:00:57,1344010537315803137,Southampton,West Ham,Southampton (0.67) 0-0 (1.33) West Ham,410
351.46771240234375,393,2020-12-29 20:48:44,1344022564130140162,Barcelona,Eibar,Barcelona (2.52) 1-1 (0.78) Eibar,865
2123.738525390625,394,2020-12-29 21:55:33,1344039377664663554,Man Utd,Wolves,Man Utd (1.34) 1-0 (0.44) Wolves,4220
2181.805908203125,395,2020-12-30 21:52:13,1344400925415403529,Newcastle,Liverpool,Newcastle (0.80) 0-0 (1.67) Liverpool,902
2482.987548828125,396,2020-12-30 21:52:45,1344401059771510790,Newcastle,Mo Salah,Newcastle (0.80) 0-0 (1.04) Mo Salah,6488
650.0120239257812,397,2020-12-30 22:22:52,1344408642582441984,Elche,Real Madrid,Elche (1.06) 1-1 (1.69) Real Madrid,401
815.3807373046875,398,2021-01-01 19:24:02,1345088410067881985,Everton,West Ham,Everton (0.45) 0-1 (1.47) West Ham,1624
2473.497802734375,399,2021-01-01 21:58:58,1345127400397529090,Man Utd,Aston Villa,Man Utd (2.48) 2-1 (1.97) Aston Villa,4968
1747.4781494140625,400,2021-01-02 14:20:40,1345374454671699969,Tottenham,Leeds,Tottenham (2.66) 3-0 (1.32) Leeds,1848
933.7219848632812,401,2021-01-02 16:58:28,1345414166304223234,C Palace,Sheffield Utd,C Palace (0.60) 2-0 (0.34) Sheffield Utd,901
1918.5994873046875,402,2021-01-02 19:24:55,1345451022043521024,Brighton,Wolves,Brighton (2.70) 3-3 (2.04) Wolves,2090
4075.31982421875,403,2021-01-02 21:52:26,1345488144767078400,West Brom,Arsenal,West Brom (0.85) 0-4 (4.15) Arsenal,8201
2011.5760498046875,404,2021-01-02 21:54:26,1345488649660608520,West Brom,Lacazette,West Brom (0.85) 0-2 (2.08) Lacazette,2282
1192.6884765625,405,2021-01-03 14:15:05,1345735436413640704,Inter Milan,Crotone,Inter Milan (2.63) 6-2 (2.17) Crotone,1311
848.885498046875,406,2021-01-03 16:11:02,1345764617692340226,Newcastle,Leicester,Newcastle (0.76) 1-2 (1.00) Leicester,521
1324.26953125,407,2021-01-03 18:23:05,1345797849498456066,Chelsea,Man City,Chelsea (1.04) 1-3 (3.29) Man City,1497
1427.67919921875,408,2021-01-03 21:50:04,1345849938685657091,Huesca,Barcelona,Huesca (0.47) 0-1 (3.52) Barcelona,1076
2202.72900390625,409,2021-01-04 21:54:24,1346213417208655872,Southampton,Liverpool,Southampton (0.31) 1-0 (1.44) Liverpool,3805
1150.4066162109375,410,2021-01-05 21:39:00,1346571927536734208,Tottenham,Brentford,Tottenham (1.57) 2-0 (0.59) Brentford,717
1182.9783935546875,411,2021-01-06 19:56:21,1346908483891965953,Napoli,Spezia,Napoli (4.10) 1-2 (1.94) Spezia,3973
483.7331237792969,412,2021-01-06 20:03:24,1346910258023727106,Lorenzo Insigne,Spezia,Lorenzo Insigne (1.82) 0-2 (1.94) Spezia,868
1893.2027587890625,413,2021-01-06 21:37:58,1346934054508138501,Man Utd,Man City,Man Utd (0.86) 0-2 (1.45) Man City,957
1101.8701171875,414,2021-01-09 16:27:30,1347943087537086467,Schalke,Hoffenheim,Schalke (1.93) 4-0 (2.04) Hoffenheim,4070
1312.2685546875,415,2021-01-09 21:57:19,1348026090774818819,Osasuna,Real Madrid,Osasuna (0.70) 0-0 (0.36) Real Madrid,2006
795.5584106445312,416,2021-01-12 19:55:12,1349082521686994948,Sheffield Utd,Newcastle,Sheffield Utd (2.21) 1-0 (1.34) Newcastle,1505
1783.82421875,417,2021-01-12 22:08:33,1349116080179060738,Wolves,Everton,Wolves (1.25) 1-2 (0.28) Everton,3472
2177.174072265625,418,2021-01-12 22:14:27,1349117565814112256,Burnley,Man Utd,Burnley (0.69) 0-1 (1.55) Man Utd,1447
709.7593994140625,419,2021-01-13 19:52:00,1349444102870470656,Man City,Brighton,Man City (2.60) 1-0 (0.26) Brighton,1703
2568.565185546875,420,2021-01-13 22:06:55,1349478055467753481,Tottenham,Fulham,Spurs (3.27) 1-1 (0.99) Fulham,3803
2151.340087890625,421,2021-01-13 22:10:18,1349478907603521539,Son,Fulham,Son (1.45) 0-1 (0.99) Fulham,3182
1670.03125,422,2021-01-14 21:51:06,1349836465224691713,Arsenal,C Palace,Arsenal (0.62) 0-0 (0.77) C Palace,2711
1546.1734619140625,423,2021-01-16 14:22:10,1350448263196008449,Wolves,West Brom,Wolves (2.34) 2-3 (2.59) West Brom,1586
1023.5217895507812,424,2021-01-16 16:51:27,1350485830205382657,Leeds,Brighton,Leeds (0.21) 0-1 (1.18) Brighton,1035
946.2528686523438,425,2021-01-16 19:26:08,1350524758237052928,Fulham,Chelsea,Fulham (0.84) 0-1 (1.44) Chelsea,512
